sequence,stage,account,branch,parents,state,issued,final_name,frozen_at,note
—,B22,A1,phase6-b22,,final,2026-09-24,0082_b22_ctx_sweep_skip_locked.sql; 0083_b22_attention_policy_and_consumers.sql,2026-09-24,on PR #60 (open); the last final numbers before B23
—,B23,A1,phase6-b23,B22,final,2026-09-25,0084_b23_interfaces_and_briefing_v2.sql,2026-09-25,"the coordinator's own stage with no other stream open (DELIVERY_PLAN.md §6.3 rule 6): five sections built in parallel worktrees by one account's implementers, each on its own disposable databases under a part-local 0084_b23_<part>.sql, combined into the one final file before candidate verification; renumbered at integration only if another stage merges first"
—,B23-F1,A1,phase6-b24,B23,final,2026-09-25,0085_b23f1_context_disclosure.sql,2026-09-25,"the forward correction of 0084 §C (the review of 2026-09-25, B23-F1): 0084 is applied to eye_demo and is never rewritten; A1's own stream, no other account's stream open (rule 6); applied to eye_demo 2026-09-25 with 0086"
—,B24,A1,phase6-b24,B23,final,2026-09-25,0086_b24_attention_completion.sql,2026-09-25,"A1's own stage, no other account's stream open (rule 6): the §0 prelude by the integrator, then the parts in parallel worktrees under part-local 0086_b24_<part>.sql, combined into the one final file before candidate verification; applied to eye_demo 2026-09-25 after the backup eye_demo-pre-0085-20260925T162716Z.dump — frozen: any later change is a forward migration"
9001,B50,A2,a/b50-knowledge-core,,prepared (not issued),,,,issued by A1 when A2 is allocated and starts (D3); the first provisional sequence number
9002,B80,A3,e/b80-shell-foundations,,prepared (not issued),,,,issued by A1 when A3 is allocated and starts (D3); B80 may need no migration (web only) — the number is then released unused
—,B24-F1,A1,phase6-b24,B24,final,2026-09-26,0087_b24f1_plan_evidence_version.sql,2026-09-26,"the forward correction of 0086 §P (the bounded B24 review of 2026-09-25, B24-F1): record_plan_execution's done requires the evidence version read to equal the queued one; the explicit reselection port; 0086 is applied to eye_demo and never rewritten; A1's own stream (rule 6); applied to eye_demo 2026-09-26"
—,B28,A1,phase6-b28,B24,final,2026-09-26,0088_b28_signals_streams_warnings.sql,2026-09-26,"A1's own stage, no other account's stream open (rule 6): the §0 prelude by the integrator (roles, consumer kinds, the warning origin/cluster columns, the warning-candidate intake), then the parts (streams, signals, warnings, remediation) in parallel worktrees under part-local 0088_b28_<part>.sql, combined into the one final file before candidate verification; applied to eye_demo 2026-09-26 after the backup eye_demo-pre-0088-20260926T183223Z.dump — frozen: any later change is a forward migration"
—,B32,A1,phase6-b32,B28,final,2026-09-28,0089_b32_strategy_exposures_health.sql,2026-09-28,"A1's own stage, no other account's stream open (rule 6): the §0 prelude by the integrator (six strategy types widened everywhere, the roles, the health input contract), then the parts (graph, exposures, health) in parallel worktrees under part-local 0089_b32_x_<part>.sql, combined with the integrator's §I into the one final file before candidate verification; applied to eye_demo 2026-09-28 after the backups eye_demo-pre-0089-20260928T091041Z.dump and eye_demo-pre-0089-20260928T103136Z.dump — frozen: any later change is a forward migration"
—,B34,A1,phase6-b34,B32,final,2026-09-28,0090_b34_workflow_gates_commitments.sql,2026-09-28,"A1's own stage, no other account's stream open (rule 6): the §0 prelude by the integrator (roles, the external collaborator's marker in executive.external_principals + executive.principal_affiliation — the frozen Phase 0 identity schema untouched — and is_active_human, the decision states and event union, the human-task service core, the attention and subscription vocabulary), then five parts (workflow, gates, commitments, attention, exposures) in parallel worktrees under part-local 0090_b34_x_<part>.sql, combined with the integrator's §I into the one final file before candidate verification; applied to eye_demo 2026-09-28 after the backups eye_demo-pre-0090-20260928T205841Z.dump and eye_demo-pre-0090-20260928T213126Z.dump — frozen: any later change is a forward migration"
—,B34,A1,phase6-b34,B34,final,2026-09-29,0091_b34f_identity_authority_execution_path.sql,2026-09-29,"The B34 review of 2026-09-29, applied forward on the same stage (0090 is applied on the demonstration and untouched): two parts in parallel worktrees under part-local 0091_b34f_x_<part>.sql (identity: B34-F1, the collaboration ports' identity writes through the identity authority; execution: B34-F2, the supported synthetic loopback path), disjoint objects, combined by the integrator as §F1 + §F2; A1's own stage, no other account's stream open (rule 6)."
—,B29,A1,phase6-b29,B34,final,2026-09-29,0092_b29_twin_families_methods_constraints.sql,2026-09-29,"A1's own stage, no other account's stream open (rule 6): the §0 prelude by the integrator (roles, the event vocabularies, the kind and method registry columns, the citation kind twin, the agent kind supply_chain), then four parts in parallel worktrees under part-local 0092_b29_x_<part>.sql (composition, constraints, methods, supply-network), combined in their verified order as §A, §D, §C, §B, with the integrator's §I."
—,B29,A1,phase6-b29,B29,final,2026-09-29,0093_b29f_draft_withdrawal.sql,2026-09-29,"The B29 review of 2026-09-29 (B29-F1), applied forward on the same stage (0092 is applied on the demonstration and untouched; the Phase 0 schemas gain nothing): the withdrawn version state with its who/when/why bound by CHECK, the event version.withdrawn, twin.versions_immutable and twin.upstream_owner_boundary re-declared with one addition each, the port twin.withdraw_version (the bound action twin.version.withdraw — the twin's owner or the draft's opener, a reason, the elements kept). The accumulated-draft grounding preflight (the families' prefix rules) is TypeScript (no SQL). Frozen: applied to eye_demo on 2026-09-29 (backup eye_demo-pre-0093-20260929T204305Z.dump)."
—,B36,A1,phase6-b36,B29,final,2026-09-30,0094_b36_strategic_planning_home_briefing_publishing.sql,2026-09-30,"A1's own stage, no other account's stream open (rule 6): the §0 prelude by the integrator (the roles executive_operator and board_member; the signature beyond the audit chain; the uniform gate states; the executive context; the cadence; the room kinds; the widened package-event, attention-class and subject-kind vocabularies), then the eight parts (gates, attention, strategy, briefing, publishing, planning, home, collab) in parallel worktrees under part-local 0094_b36_x_<part>.sql files, combined by the integrator at fd47d1c into 0094_b36_strategic_planning_home_briefing_publishing.sql (8100 lines) in the apply order every fresh-database run used — §0, §A attention, §B briefing, §C collab, §G gates, §H home, §P planning, §D publishing, §S strategy; the upgrade pins roles 52 / migrations 73. Final name issued at start; frozen at integration (2026-09-30), before candidate verification and before any application to eye_demo — any later change is a forward migration."
—,B90,A1,phase6-b90,B36,final,2026-09-30,0095_b90_data_products_metrics_catalog.sql,2026-09-30,"A1's own stage, no other account's stream open (rule 6): the §0 prelude by the integrator at b65731f (the schema products; the role data_steward; the canonical DPR@v1 and its write action; the product registry core — products_current, product_versions, product_reviews, slo_observations, product_events — and the ports register / declare / review / release / observe; the widened attention classes, subject kinds and signature subject kinds), then the four parts (products, events, metrics, catalog) in parallel worktrees under part-local 0095_b90_x_<part>.sql files, completed: the four sections combined by the integrator at bfca47b into 0095_b90_data_products_metrics_catalog.sql (3796 lines) in the apply order every fresh-database run used — §0, §K catalog, §E events, §M metrics, §R products — with §I (the catalog's registry facts copy the live consumers from §R's register); the upgrade pins roles 53 / migrations 74 / schema registry 48. Final name issued at start; frozen at integration (2026-09-30), before candidate verification and before any application to eye_demo — any later change is a forward migration."
—,B90,A1,phase6-b90,B90,final,2026-09-30,0096_b90f_subscription_catchup.sql,2026-09-30,"The B90 review of 2026-09-30 (B90-F1), applied forward on the same stage (0095 is applied on the demonstration and untouched; the Phase 0 schemas gain nothing): the authorized backlog frozen when the tick flags a subscription lagging (event_subscriptions.catchup_head / catchup_served_through), the consumer's bounded catch-up port products.catch_up_subscription_events (products.subscription.catch_up) under the ordinary read's projection, window, filters, retention and correction rules, the ledger products.subscription_catchups and the product event events.caught_up; advance_checkpoint, conform_subscription and resume_subscription re-declared (acknowledgement while lagging only through what the catch-up served; a lag conformance and resumption judged against the frozen backlog); the read's lagging refusal names the catch-up"
—,B27,A1,phase6-b27,B90,final,2026-10-01,0097_b27_scenario_anatomy_sets_coherence.sql,2026-10-01,"A1's own stage, no other account's stream open (rule 6): the §0 prelude by the integrator at 6b0986b (the suspended branch state with its cause and the state it returns to; prediction.branch_live; the scenario event vocabulary with every part's names; the attention classes scenario.suspension / set_gap / quality / signpost / proposal and the subject kinds branch, scenario_set), then the three parts (§A anatomy, §Q quality, §S sets) in worktrees under part-local 0097_b27_x_<part>.sql files, completed: the three sections combined by the integrator at c0f807d (integration 3, the parent of the merge 85fc6d5) into 0097_b27_scenario_anatomy_sets_coherence.sql (2838 lines) in the apply order every fresh-database run used — §0, §A anatomy, §Q quality, §S sets — with §I (§Q reads §A's timing keys start / end; §S reads §Q's current probability view prediction.branch_probabilities_current); no older port re-declared (the invalidation, the run and the proposal reached by triggers); the upgrade pin migrations 76 (roles 53 and the schema registry 48 unchanged). Final name issued at start; frozen at integration (2026-10-01), before candidate verification and before any application to eye_demo — any later change is a forward migration."
—,B90,A1,phase6-b90,B90,final,2026-10-01,0098_b90f2_catchup_contiguous_coverage.sql,2026-10-01,"The second B90 review pass of 2026-10-01 (B90-F1 still open: the catch-up could manufacture coverage), allocated after 0097 (B27, issued on the stacked phase6-b27) and applied forward on #70 and carried to #71; 0095, 0096 and 0097 untouched: products.catch_up_subscription_events re-declared (0096's body whole, one check) — a batch starts at or before the served mark (the checkpoint or an earlier batch's through), a later start refused (backlog); retries and the in-scan exclusions unchanged"
—,B31,A1,phase6-b31,B27,final,2026-10-01,0099_b31_simulation_orchestration_impact_validity.sql,2026-10-01,"A1's own stage, no other account's stream open (rule 6): the §0 prelude by the integrator at d8a84c2 (the partial run state with its declaration, the four simulation attention classes, the run and experiment subject kinds, runs_immutable re-declared for partial), then the three parts built in parallel worktrees (§I impact, §O orchestration, §V validity) and combined here in the apply order; frozen at integration, before candidate verification and before any application to eye_demo. 0033–0098 untouched; the one re-declaration of another stage's function is prediction.scenario_set_compare (0097 §S.3, copied whole, with the per-branch sensitivity)"
—,B31,A1,phase6-b31,B31,final,2026-10-01,0100_b31f_reinstatement_conditions_constraint_contract.sql,2026-10-01,"The owner's bounded pass of 2026-10-01 on B31 (B31-F1, B31-F2), allocated after 0099 on the same stage (0099 is applied on the demonstration and untouched): prediction.reinstate_branch re-declared from 0097 §A6 (every linked critical condition re-evaluated — the claim and indicator kinds included; a note never clears it); prediction.siv_run_branch_binding re-declared from 0099 §V8 (the bound constraint set live at the bound version, else refused — rebind to adopt); a trigger refusing an indeterminate opening check on a run whose binding names a set. Regression phase6-validity-b31 C3, C4, F2a–F2d: 5 failing through 0099, 31/31 through 0100 — evidence/cp6/b31f-regression.txt"
—,B35,A1,phase6-b35,B31,final,2026-10-01,0101_b35_decision_analysis_recommendation_explanation_reopen.sql,2026-10-01,"A1's own stage, no other account's stream open (rule 6): the §0 prelude by the integrator at 51e5b8d (the attention classes and subject kinds), then the four parts built in parallel worktrees (§A analysis, §E explanation, §P reopen, §R recommendation) and combined here in the apply order; frozen at integration, before candidate verification and before any application to eye_demo. 0001–0100 untouched; re-declared, each copied whole: decision.reopen_package (§P) and simulation.run_decision_use (§R)"
